Albert Cardona <acardona@ini.phys.ethz.ch>
Albert Cardona <acardona@zutzy.(none)>
Albert Cardona <albert@instar.(none)>
Albert Cardona <albert@mac.(none)>
Albert Cardona <albert@mini.(none)>
Albert Cardona <albert@pad.(none)>
Albert Cardona <cardona@ucla.edu>
Albert Cardona <pogo <pogo@pogo-desktop.(none)>
Albert Cardona <pogo@ubuntu.pogolinux.local>
Davi Bock <davi.bock@gmail.com>
Ignacio Arganda-Carreras <iarganda@pons.(none)>
Ignacio Arganda-Carreras <ignacio@asclepio.(none)>
Ignacio Arganda-Carreras <iarganda@iarganda-laptop.(none)>
Ignacio Arganda-Carreras <iarganda@tomancak-pc-4.(none)>
Ignacio Arganda-Carreras <ignacio@asclepio.ii.uam.es>
Jean-Yves Tinevez <tinevez@mpi-cbg.de>
Johannes Schindelin <johannes.schindelin@gmx.de>
Larry Lindsey <larry@reconstructbox.clm.utexas.edu>
Mark Longair <longair@ini.phys.ethz.ch>
Mark Longair <mhl@pobox.com>
Stephan Saalfeld <stephan.saalfeld@inf.tu-dresden.de>
Stephan Saalfeld <saalfeld@mpi-cbg.de>
Stephan Saalfeld <saalfeld@saalfeld-mac.(none)>
Stephan Saalfeld <saalfeld@tomancak-pc-4.(none)>
Stephan Preibisch <Stephan@chef.(none)>
Stephan Preibisch <Administrator@noname.(none)>
Verena Kaynig <vkaynig@Venera9.inf.ethz.ch>
Jacques Pecreaux <jacques.pecreaux@googlemail.com>
